females,males,hispanic,not hispanic,White Alone,Black or African American Alone,American Indian or Alaska Native Alone,Asian Alone,Native Hawaiian and Other Pacific Islander Alone,Two or more races,Age: [0-10],Age: [11-20],Age: [21-30],Age: [31-40],Age: [41-50],Age: [51-60],Age: [61-70],Age: [71-80],Age: [81-84],Age: [85]+,GDP Per Year (Normalized),Personal income per capita (Normalized),Personal Consumption expenditure per capita (Normalized),Presidential Approval Rating,GOP/Total Senate Seats pre-election,GOP/Total House Seats pre-election,GOP Votes/Total Votes for Presidential Election,DNC Votes/Total Votes for Presidential Election,"1 = Voted GOP, 0 = Voted DNC"
0.5149688885,0.4850311115,0.03959121918,0.9604087808,0.6994414635,0.2654167634,0.006837723142,0.01264738463,0.00103409561,0.01462256967,0.1366323272,0.1357397175,0.1363456101,0.1248113868,0.1353579136,0.1384210837,0.1035106818,0.05805708208,0.01447921114,0.01664498603,0.05496730123,0.05786163522,0.06274015554,0.37,1,0.8571428571,0.6054582233,0.383590331,1
0.5156601436,0.4843398564,0.04222863047,0.9577713695,0.6931638092,0.2681506851,0.006924018273,0.01431279659,0.001012748403,0.01643594245,0.1339262423,0.1295759667,0.1371827043,0.1234333469,0.1259600676,0.1387073892,0.1139014397,0.06457259921,0.01473985669,0.0180003874,0.06177612419,0.1398921833,0.1587408933,0.41,1,0.8571428571,0.6208309236,0.3435794576,1
0.4786314606,0.5213685394,0.06182549494,0.9381745051,0.6740325618,0.03636326221,0.1499171723,0.05773864848,0.01185174007,0.07009661521,0.1585456616,0.1391986116,0.1616111452,0.1306887906,0.136255912,0.1454791147,0.08329692114,0.03110070001,0.00678535784,0.007037785224,0.005962550713,0.4563342318,0.4599920076,0.31,0.5,1,0.548015774,0.4081265911,1
0.4766580889,0.5233419111,0.07009181934,0.9299081807,0.6611666058,0.03724764263,0.1530803911,0.06312325923,0.01331016309,0.07207193813,0.1567292653,0.1306215183,0.1650565645,0.1399716105,0.1192251642,0.1354695641,0.09793133602,0.03930201386,0.007195705553,0.008497257854,0.002934129217,0.5164869721,0.5734222741,0.47,1,1,0.5128151208,0.3655087129,1
0.5028209095,0.4971790905,0.3012295388,0.6987704612,0.8415316395,0.04561732513,0.05321881067,0.03171698082,0.002564723263,0.02535052065,0.1480070074,0.1393038258,0.1399966635,0.1277875775,0.1278044013,0.124020406,0.1018512801,0.05907489565,0.01479155085,0.01736239189,0.0859724204,0.06343216532,0.111893271,0.44,1,0.625,0.5365453317,0.4458976694,1
0.5029067556,0.4970932444,0.3109018319,0.6890981681,0.8314052294,0.04923582501,0.05344127134,0.03560383052,0.0026508421,0.02766300166,0.1403193141,0.1341114393,0.1411177727,0.1274584842,0.1204486849,0.1237947304,0.1098939836,0.06843392362,0.015153817,0.01926785,0.1030843579,0.1683063792,0.2216040085,0.5,1,0.5555555556,0.4867161647,4.54E-01,1.00E+00
0.5087938881,0.4912061119,0.06744611749,0.9325538825,0.7995649766,0.1559985661,0.009256321935,0.01449738316,0.002598968749,0.01808378347,0.1445701833,0.1358397502,0.1355630113,0.124876136,0.1302703374,0.1322574246,0.1036225886,0.05992568627,0.01482913028,0.01824575212,0.02498125375,0.06583557951,0.04325105284,0.37,0.5,0.75,0.6056693608,0.368789903,1
0.5086978974,0.4913021026,0.07337592536,0.9266240746,0.7931264925,0.1572312944,0.009746479728,0.01616881785,0.0033107324,0.02041618313,0.1412155929,0.1328282198,0.1356723119,0.1255986476,0.1210857801,0.1323967787,0.1108364552,0.0657969513,0.01520704271,0.01936221972,0.02934517189,0.1589622642,0.1445390551,0.38,1,1,0.6057410216,0.3365312413,1
0.5033115145,0.4966884855,0.3812062569,0.6187937431,0.7368675128,0.06614989315,0.01661746719,0.1394346112,0.004939717663,0.035990798,0.1440553768,0.1400956687,0.150574005,0.1362404816,0.1390070701,0.1280861885,0.08627747672,0.0459814442,0.01259942617,0.01708286225,0.7995438977,0.3482704403,0.307153177,0.54,0,0.3653846154,0.3712037852,0.6023895914,0
0.503120896,0.496879104,0.3882269149,0.6117730851,0.7266165352,0.06492603753,0.01640432733,0.1487777927,0.005011662796,0.03826364445,0.1393121573,0.1308446731,0.1518588693,0.1389621839,0.1303121381,0.1292232949,0.09681134164,0.05179553321,0.01252188933,0.01835791925,1,0.555705301,0.4857827918,0.61,0,0.2641509434,0.3161710654,0.617263996,0
0.4986753384,0.5013246616,0.2096202573,0.7903797427,0.8811403262,0.04351933861,0.01561825694,0.0303666446,0.001774108558,0.02758132506,0.1446016259,0.1322295937,0.1458607641,0.1390966374,0.1382688616,0.137355161,0.09263847286,0.04396112795,0.01139036393,0.01459739147,0.0880741987,0.2776504942,0.280255756,0.46,0,0.5714285714,0.4612709164,0.5149222655,0
0.4968989288,0.5031010712,0.213533145,0.786466855,0.87387311,0.0452709271,0.01589399779,0.03329685756,0.001876983045,0.02978812452,0.1355684984,0.1288143185,0.1494258402,0.1443622753,0.1289422741,0.1319885935,0.1043096542,0.05010156585,0.011119645,0.01536733491,0.1086760155,0.4305256065,0.440810304,0.51,0.5,0.5714285714,0.4325139737,0.4815698038,0
0.512807038,0.487192962,0.1422590941,0.8577409059,0.8187184358,0.1121946046,0.004953418328,0.04224690802,0.001007073345,0.02087955996,0.1254065539,0.139193257,0.1233281586,0.1180176794,0.1501060521,0.1486396217,0.1005426015,0.05349808864,0.01656249604,0.02470549097,0.07686125312,0.7099281222,0.5240232394,0.56,0,0,0.4074511425,0.5808501326,0
0.5122520325,0.4877479675,0.1563647156,0.8436352844,0.8064797485,0.1172819379,0.005344933576,0.0467304387,0.001040482643,0.02312245873,0.1184799209,0.1340707805,0.1280115651,0.1198282644,0.1321379356,0.1524545072,0.1119493244,0.06185803712,0.01547843932,0.02573122536,0.08546999737,0.8223495058,0.6967815315,0.61,0,0,0.4092691438,0.545663011,0
0.5156827244,0.4843172756,0.08508062357,0.9149193764,0.7127578338,0.2216161861,0.006452788937,0.03474039677,0.0007970190611,0.02363577543,0.1334486894,0.1316975466,0.1353465363,0.1190777132,0.1385641724,0.139352433,0.1088566006,0.06004575196,0.01521999861,0.01839055795,0.007540757733,0.2418912848,0.3310995666,0.56,0,0,0.3998260407,0.5861074198,0
0.5163559453,0.4836440547,0.0900991758,0.9099008242,0.700347494,0.2270593495,0.006391398744,0.0395044185,0.0009702172854,0.0257271219,0.1281726712,0.1237085104,0.1348939861,0.1205698205,0.1219401601,0.1423727883,0.1224849176,0.07021987193,0.0154643556,0.02017291827,0.01036210897,0.348787062,0.4600842274,0.62,0,0,0.4192282434,0.5335333681,0
0.511084826,0.488915174,0.2335014283,0.7664985717,0.7817274776,0.1671505692,0.00484185906,0.02634722061,0.001045625579,0.01888724801,0.122107976,0.1216092141,0.1313217986,0.1203543077,0.1377735784,0.1359682908,0.1137253323,0.0725438309,0.01996713937,0.02462853197,0.2764035305,0.175359389,0.2366050844,0.48,0.5,0.76,0.07278291418,0.9091311393,0
0.5109870111,0.4890129889,0.2512819162,0.7487180838,0.7758927288,0.1687784178,0.004939616193,0.02830410286,0.001112689496,0.02097244483,0.1199466932,0.1146222312,0.1312527422,0.1222288901,0.1261179812,0.1382982689,0.1210549597,0.08059229512,0.0194226603,0.02646327806,0.3421450272,0.2867250674,0.3685407765,0.5,0.5,1,0.04070383108,0.9048388387,0
0.5117644623,0.4882355377,0.08951111102,0.910488889,0.6259608181,0.3136095607,0.005020261534,0.0358416217,0.001102403495,0.01846533443,0.1507958718,0.1426028485,0.1404428662,0.136274071,0.1442394042,0.1284203441,0.08981547895,0.04451767381,0.01043868349,0.01245275798,0.1527255337,0.08863432165,0.1071900649,0.46,1,0.6153846154,0.4913097776,0.5000786507,0
0.5132002963,0.4867997037,0.09401003117,0.9059899688,0.611426561,0.3207894439,0.005128655061,0.04083349178,0.001151251346,0.02067059686,0.1443184095,0.1385632468,0.1416737356,0.1330027388,0.1353772007,0.1318211478,0.09894995112,0.05180387953,0.0109748609,0.01351482924,0.1898970407,0.2153638814,0.2317481787,0.49,1,0.7142857143,0.4902194142,0.4782331581,1
0.498589766,0.501410234,0.09513236268,0.9048676373,0.2565777826,0.01901959304,0.003776797983,0.385257071,0.102640799,0.2327279563,0.1375935792,0.1188651023,0.1462476052,0.1281040514,0.1309861557,0.1365300991,0.1058866641,0.05439478767,0.01684635575,0.02454559951,0.0120328586,0.2576370171,0.3457010236,0.64,0,0,0.5332924218,0.4550795967,1
0.4975226943,0.5024773057,0.1040881673,0.8959118327,0.2597628958,0.02154734487,0.00389571172,0.3769481407,0.1017301636,0.2361157434,0.1353889516,0.1124470513,0.1453071729,0.1339158791,0.1203120846,0.1295813126,0.1164128676,0.06284735726,0.01569851944,0.02808880358,0.01668212593,0.401212938,0.5003842489,0.57,0,0,0.5077132605,0.4563998336,1
0.4992860384,0.5007139616,0.11633875,0.88366125,0.9385455381,0.007441994417,0.01696221372,0.01353770155,0.001832359251,0.02168019294,0.1621571911,0.1452103833,0.136266785,0.1259781569,0.1233736161,0.1290178359,0.09733575342,0.05159342627,0.01260643042,0.01646042145,0.00598636151,0.04227313567,0.06842703882,0.34,1,1,0.2768214769,0.7014793245,0
0.4991048396,0.5008951604,0.123974964,0.876025036,0.9328391222,0.008632994015,0.01757303167,0.01518703429,0.002062856305,0.02370496147,0.1537471844,0.1439372892,0.1340451181,0.1291664033,0.1163689436,0.1246519675,0.1089504116,0.05953665624,0.01291789236,0.0166781336,0.01028272697,0.1630503145,0.201715287,0.32,1,1,0.2943970717,0.6098079806,0
0.5094089583,0.4905910417,0.1620933343,0.8379066657,0.7777877625,0.1479170039,0.005770653144,0.0504701464,0.0006000172178,0.01745441684,0.1401457617,0.1376566472,0.1397543734,0.1323273709,0.1379882439,0.1362648282,0.09225365868,0.05008369859,0.01417462874,0.01935078868,0.258206376,0.2862084456,0.2908917648,0.52,0.5,0.5789473684,0.645297835,0.3262233356,1
0.5088096613,0.4911903387,0.1692961608,0.8307038392,0.7715051953,0.1468921417,0.005811138999,0.05583746603,0.0006427462447,0.0193113117,0.1345400708,0.1312103685,0.1396925551,0.1336164064,0.1283438078,0.1373247443,0.1046021436,0.05635114708,0.01367575141,0.020643005,0.2898002609,0.4292228212,0.441486582,0.59,0.5,0.4444444444,0.5926143237,0.2749201382,1
0.5076394569,0.4923605431,0.06247989546,0.9375201045,0.8645573872,0.09456854439,0.003857271005,0.0186312339,0.0005730776347,0.01781248584,0.1437936436,0.1423221514,0.133813091,0.1253932816,0.1353605693,0.138036414,0.09606464966,0.05215941925,0.01434488309,0.01871189722,0.09728745573,0.1353324349,0.1489041222,0.41,1,0.6666666667,0.4073274127,0.5760213536,0
0.5070883095,0.4929116905,0.06768095041,0.9323190496,0.8555397086,0.09715585641,0.004004760167,0.02266719641,0.0006263576671,0.02000612078,0.1402468083,0.1376380551,0.1369269238,0.1252269555,0.1245798955,0.1367699188,0.1075124424,0.05784356389,0.01368980615,0.0195656304,0.1122742225,0.2327942498,0.2547416311,0.43,0.5,0.7777777778,0.3876175307,0.558253667,0
0.5040387622,0.4959612378,0.0528679958,0.9471320042,0.9260914798,0.03176704536,0.004707737984,0.02060152818,0.0008839843116,0.01594822433,0.1410674518,0.138853987,0.1329288149,0.1189913941,0.1283081063,0.1403168637,0.09841952764,0.05834329052,0.01749356712,0.02527699683,0.04404502994,0.2155660377,0.182318404,0.5,0.5,0.4,0.5412553238,0.439273029,1
0.5027229287,0.4972770713,0.05867238344,0.9413276166,0.9132521409,0.03722966442,0.005165876906,0.02508906919,0.001176435366,0.01808681318,0.1396789651,0.1359170296,0.133695123,0.1245394843,0.1159339589,0.1358731614,0.1113117911,0.06132193359,0.01625843922,0.02547011385,0.05245153457,0.2973719677,0.2887092312,0.44,1,0.75,0.5694003345,0.3777483969,1
0.5030470423,0.4969529577,0.1093864429,0.8906135571,0.8722898128,0.0617388888,0.01170977078,0.02640137959,0.0009711219813,0.02688902603,0.1526599236,0.1419930489,0.1396441432,0.1231055258,0.12680858,0.1352209155,0.09217073743,0.05157721297,0.01536034135,0.02145957131,0.0375505019,0.2653189578,0.1583412745,0.38,1,1,0.4617786851,0.5198801653,0
0.5017778349,0.4982221651,0.117059176,0.882940824,0.8656980131,0.06187137448,0.0117873367,0.03069420134,0.001126130393,0.02882294399,0.1479502463,0.1390827876,0.1396722061,0.1284019455,0.1147364617,0.1320724623,0.105140756,0.05606124441,0.01458147669,0.02230041328,0.04457533367,0.3163072776,0.2695890074,0.41,1,1,0.5116206134,0.4175251345,1
0.5076516992,0.4923483008,0.03253414117,0.9674658588,0.886290923,0.08074682349,0.002840343971,0.01276051844,0.000763231009,0.01659816007,0.1386600907,0.1321701699,0.1340200736,0.1282324099,0.138787353,0.1400301464,0.1021682652,0.05527241707,0.01388993576,0.01676913845,0.05107587147,0.05494159928,0.07847898927,0.39,1,0.6666666667,0.5971132037,0.3799457055,1
0.5074181275,0.4925818725,0.03567001083,0.9643299892,0.8791914986,0.08302061803,0.002978301927,0.01521138794,0.0008374215143,0.01876077203,0.1357739942,0.1290033498,0.1359853263,0.1257840096,0.1274321961,0.1398701759,0.1131316481,0.06127002303,0.01387788397,0.01787139288,0.05849947704,0.1447888589,0.1913251975,0.38,1,0.8333333333,0.5665458181,0.3605237073,1
0.5106903498,0.4893096502,0.04523022527,0.9547697747,0.6360497575,0.3247643412,0.007479980746,0.01666125373,0.0006038248263,0.01444084199,0.1465805997,0.135354967,0.1499380007,0.1264691828,0.1309115305,0.1364657173,0.09469641253,0.05094948895,0.01321098169,0.01542311887,0.07281676481,0.1627583109,0.1122928899,0.42,0.5,0.8571428571,0.604931416,0.3780132783,1
0.5109412191,0.4890587809,0.05036708004,0.94963292,0.6309740271,0.3265253936,0.007701230218,0.01775465631,0.0006217267255,0.01642296607,0.1448398395,0.1289989793,0.1465386119,0.1332229945,0.1188515339,0.1345253439,0.1065853346,0.05655742866,0.01305411957,0.01682581415,0.06898585099,0.2070979335,0.2109372598,0.43,1,0.8333333333,0.6251963855,0.3268218833,1
0.5103714689,0.4896285311,0.01373247101,0.986267529,0.9530849074,0.01337045419,0.006744855972,0.01097850606,0.0003087115144,0.0155125649,0.1141323074,0.123735198,0.1149229561,0.1122124841,0.1456129565,0.1620946793,0.1216172407,0.06441277069,0.01795583916,0.02330356796,0.004117442154,0.1567610063,0.3436721896,0.5,1,0,0.5778457573,0.4057746362,1
0.5103457704,0.4896542296,0.01598417206,0.9840158279,0.9477051812,0.01553421006,0.007041844022,0.01230497319,0.0003530331209,0.01706075839,0.1096181013,0.116523512,0.1176353029,0.1135419252,0.1277912152,0.1598916361,0.1383716705,0.07393296398,0.01793242652,0.0247612463,0.006737238421,0.2588499551,0.477206357,0.53,0.5,0.5,0.5808868465,0.384495661,1
0.5156086504,0.4843913496,0.08681564371,0.9131843563,0.6064397486,0.3020065799,0.005423614263,0.05984743522,0.0009615323671,0.02532108966,0.1360950717,0.1328474966,0.1377490827,0.1282574599,0.1479684481,0.1419606999,0.09571866696,0.04838595579,0.01307265444,0.01794446381,0.1112618072,0.4546046721,0.3733054625,0.58,0,0.25,0.4032739204,0.5537103419,0
0.5152876165,0.4847123835,0.09780383298,0.902196167,0.5932712064,0.3072882166,0.005798624401,0.06480600562,0.001076198526,0.02775974844,0.1345176411,0.126467843,0.1358673109,0.1322294262,0.1323934422,0.1447019831,0.1060417618,0.05574541514,0.01288368146,0.01915149505,0.1314457178,0.5773360288,0.5086840245,0.6,0,0.125,0.4347667808,0.463452141,0
0.5154972869,0.4845027131,0.1027548381,0.8972451619,0.8339952117,0.08048654574,0.004676479288,0.05928989506,0.0009387247142,0.02061314349,0.1222379516,0.1341150675,0.1411213647,0.1236746501,0.1456888124,0.1424914035,0.09917246123,0.05254647689,0.01592072303,0.02303108902,0.1530724639,0.5396451033,0.5699794043,0.56,0.5,0,0.3589773234,0.6197419078,0
0.5148441997,0.4851558003,0.1150532094,0.8849467906,0.8168391309,0.08658926287,0.004781857135,0.06711603584,0.001023152383,0.02365056086,0.1173252054,0.128670516,0.1446829683,0.1273055297,0.1298854361,0.1447653432,0.1103869533,0.05875035548,0.01481162848,0.02341606397,0.1814724688,0.7281446541,0.7365282346,0.62,0,0,3.33E-01,6.10E-01,0.00E+00
0.5090644827,0.4909355173,0.04629981677,0.9537001832,0.8006939372,0.1432519319,0.00707772945,0.02694415381,0.0003669273793,0.02166532026,0.1322242403,0.1401211017,0.1293998158,0.1175460567,0.1392131995,0.1469264706,0.1034486137,0.0549273277,0.01560717103,0.02058600297,0.1432834496,0.1291778976,0.2101072823,0.51,0,0.6666666667,0.3731912232,0.6033830832,0
0.5079063302,0.4920936698,0.04993964668,0.9500603533,0.7953064954,0.1418507416,0.007260716833,0.03150859066,0.0003973757091,0.02367607978,0.1279720979,0.1319145362,0.1363773091,0.1177809114,0.1254240999,0.1452129268,0.1168749834,0.06233400929,0.01464167355,0.0214674523,0.1699927358,0.2544699012,0.3424425932,0.51,0,0.6428571429,0.3228620279,0.590500651,0
0.5032448686,0.4967551314,0.04891565239,0.9510843476,0.8637974385,0.05606480742,0.01314934235,0.04421328398,0.0005824430793,0.02219268472,0.143028416,0.1344983003,0.1353900497,0.1262734359,0.1376696693,0.1426144693,0.09403230294,0.05097868476,0.0145575346,0.02095713725,0.0967003256,0.3268418688,0.3560603732,0.5,0,0.5,0.4471091603,0.5420820421,0
0.5022653594,0.4977346406,0.05278698415,0.9472130158,0.8480495209,0.06409075985,0.01359571915,0.04928572971,0.0006758928583,0.02430237748,0.1405149309,0.1301052008,0.133440017,0.1331861034,0.1215714182,0.1415071721,0.1072624179,0.05669895307,0.01404746387,0.02166632273,0.1139779116,0.4441823899,0.4794196305,0.52,0,0.375,0.4749756422,0.4727453095,1
0.514135255,0.485864745,0.02821822793,0.9717817721,0.5992649503,0.3740283102,0.00576853219,0.009466274801,0.0005536206252,0.01091831192,0.1492543076,0.1427837616,0.1385612713,0.1254838725,0.1306403668,0.1331489498,0.09663583983,0.05406714757,0.01354809382,0.01587638917,0.02189935305,0,0,0.44,1,0.75,0.5528584674,0.4378935954,1
0.5149665087,0.4850334913,0.0310953574,0.9689046426,0.5928326063,0.3776133428,0.006064011205,0.0104421408,0.0005802865496,0.0124676124,0.1440830383,0.1375634468,0.1392208337,0.1255815856,0.1220237686,0.1333093531,0.1078176432,0.05977923633,0.01353230915,0.01708878518,0.02451496531,0.05309973046,0.08195259906,0.44,1,0.75,0.5794103809,0.4011478827,1
0.5098736515,0.4901263485,0.03726200612,0.9627379939,0.8377963566,0.117689303,0.005278138919,0.01799269487,0.001309842362,0.01993366427,0.138788464,0.1349207518,0.1366422494,0.1226935597,0.1334115711,0.1402997246,0.1006744973,0.05717847942,0.01536818476,0.02002251791,0.08627431545,0.1532569632,0.2243398604,0.41,0.5,0.6666666667,0.5376374114,0.4438348355,1
0.5091713918,0.4908286082,0.04087029448,0.9591297055,0.8321463078,0.118564339,0.00559477178,0.01997262389,0.001429650594,0.0222923069,0.1355830597,0.1293138887,0.1370959502,0.1264336747,0.1202526836,0.1403738383,0.1113780477,0.06295336798,0.01534527865,0.02127021047,0.09726330261,0.2473045822,0.3227075712,0.43,0.5,0.75,0.5677234784,0.3813523084,1
0.4979004426,0.5020995574,0.03198500074,0.9680149993,0.8964561044,0.00544258312,0.06574740273,0.007173224688,0.0007669548323,0.02441373019,0.1333360463,0.1285228555,0.1326712023,0.1160828082,0.1244194474,0.1538463459,0.1144290618,0.05984944018,0.01593428555,0.02090850693,0.004976142297,0.1574797844,0.2430297255,0.37,0,1,0.5535153538,0.4169813737,1
0.4965840714,0.5034159286,0.03728651047,0.9627134895,0.8911315477,0.005715726168,0.06702375108,0.008648225946,0.0008590442699,0.02662170488,0.1320811864,0.123082168,0.1347360859,0.1236436286,0.1107579645,0.1416777799,0.129612638,0.06769018453,0.01503905305,0.02167931117,0.006353286271,0.2407008086,0.3504657096,0.37,0.5,1,0.5646619187,0.3593521878,1
0.5030656077,0.4969343923,0.09701112015,0.9029888799,0.8983228682,0.04810728795,0.01348079799,0.02005859193,0.00115041049,0.01888004346,0.1530971258,0.1393776961,0.1381239327,0.1246052566,0.1260916995,0.1351521291,0.09250739704,0.05293078706,0.01603269633,0.0220812798,0.02789777214,0.2977088949,0.2460422366,0.37,0.5,1,0.5980319218,0.3802731442,1
0.5011807206,0.4988192794,0.106342516,0.893657484,0.8870542172,0.05063825392,0.01476052239,0.02506310179,0.001181978512,0.02130192618,0.1510505123,0.1379131054,0.1369689961,0.1306191507,0.1146713872,0.1308554412,0.1045272119,0.05590874137,0.01486103793,0.02262441593,0.03330003542,0.3662848158,0.3557529741,0.43,1,0.6666666667,0.5874735113,0.3369875638,1
0.4960969331,0.5039030669,0.2715685446,0.7284314554,0.7712098035,0.08909694093,0.01615169251,0.07832317978,0.007232428236,0.03798595503,0.1437064314,0.1294597349,0.1416438195,0.1377521887,0.1405622428,0.1293318889,0.1015290467,0.05220169453,0.01147947082,0.01233348179,0.03742912082,0.1426549865,0.2622114291,0.46,0.5,0.6666666667,0.4567531564,0.5235624947,0
0.4979340635,0.5020659365,0.2841563318,0.7158436682,0.7527075357,0.09651033318,0.01659773415,0.08418062707,0.007658061738,0.04234570821,0.1393845212,0.123341373,0.1401984521,0.1376970614,0.1319337636,0.1301605998,0.1097149421,0.06157708187,0.01212669568,0.0138655092,0.04594404663,0.270507637,0.3989425471,0.49,0.5,0.75,0.4550069532,0.4791782368,0
0.506473186,0.493526814,0.03047200188,0.9695279981,0.9431732811,0.01373503454,0.002774249951,0.02478814277,0.0004184834214,0.01511080824,0.1171467906,0.1355068994,0.1192231268,0.1136186273,0.1544990846,0.1611312523,0.1096797372,0.05394425354,0.0148648641,0.0203853642,0.0146627778,0.3972821204,0.5154468046,0.46,0.5,1,0.4640379649,0.5197968415,0
0.5048450168,0.4951549832,0.03559021893,0.9644097811,0.9351170889,0.01596111699,0.00289883149,0.02887931944,0.0004427007658,0.01670094238,0.1099795988,0.1263921885,0.1273425393,0.1147490837,0.1325392342,0.1631587484,0.125718059,0.06308597895,0.01497941124,0.02205515805,0.01877801114,0.5212264151,0.6846085273,0.47,0.5,0.5,0.4645866698,0.4682626267,0
0.5126362615,0.4873637385,0.1851088453,0.8148911547,0.7377263533,0.147085849,0.005782137794,0.08899088441,0.0009384645275,0.01947631096,0.1344359499,0.1320172852,0.125877389,0.1284048086,0.150322668,0.1424770184,0.09632481929,0.05285093719,0.01571690182,0.02157222263,0.1857066179,0.5004267745,0.5157849436,0.55,0,0.4615384615,0.4062356483,0.5834235491,0
0.5118944378,0.4881055622,0.1985533029,0.8014466971,0.7263050609,0.1494914609,0.005926101461,0.09565888445,0.001037231535,0.02158126077,0.1304317526,0.1265692426,0.1278874969,0.1281222097,0.1363406572,0.1469865405,0.1067807444,0.05924452372,0.01481130036,0.02282553199,0.05966991842,0.6633872417,0.6743721373,0.57,0,0.5,0.4135038665,0.5545308445,0
0.5052352095,0.4947647905,0.471364326,0.528635674,0.8313371024,0.02410965641,0.1034687077,0.01621894398,0.001556530675,0.02330905887,0.1484490104,0.1389927623,0.1393875381,0.1212696363,0.1257067813,0.1365525487,0.1034197209,0.05569699952,0.01403951287,0.01648548965,0.0664448597,0.05438005391,0.1061756478,0.47,0,0.3333333333,0.4284332664,0.5299276052,0
0.5048765795,0.4951234205,0.4853501814,0.5146498186,0.8225102407,0.02514395131,0.1086557189,0.01732471099,0.001540559973,0.02482481821,0.1407096687,0.1337527107,0.1394654808,0.1260796199,0.1139769999,0.1326553911,0.1160542402,0.06403602275,0.01469689423,0.01857297187,0.01090902251,0.1284141959,0.2183455781,0.51,0,0.3333333333,0.4004251433,0.4825564718,0
0.5153951386,0.4846048614,0.1815139909,0.8184860091,0.7111526089,0.1753548423,0.009564465181,0.08012107539,0.001284463334,0.02252254495,0.1289019493,0.1301176716,0.1464002537,0.1288312117,0.1415122795,0.13739099,0.0965282131,0.0534701762,0.01553550468,0.02131175012,0.00789567087,0.4644654088,0.4294057975,0.58,0,0.275862069,0.3124159733,0.6076098417,0
0.5146002012,0.4853997988,0.1888442507,0.8111557493,0.7009268139,0.1762440518,0.00966721199,0.08689558969,0.00134034763,0.024925985,0.1267425687,0.1220453298,0.1468684781,0.1315575467,0.12815924,0.1400674246,0.1072675161,0.05940200428,0.01492867483,0.02296121696,0.0905207517,0.6310197664,0.637084627,0.6,0,0.3333333333,0.3239060231,0.561361426,0
0.5128344334,0.4871655666,0.08610503785,0.9138949621,0.7181038911,0.2207193053,0.01559305545,0.0248181861,0.001137558861,0.01962800315,0.1402628368,0.1350225536,0.1352141165,0.1300945364,0.1413815374,0.1337597184,0.1008102833,0.05360893863,0.01340560037,0.01643987857,0.1075475377,0.1271563342,0.07675755433,0.47,0.5,0.4615384615,0.503930641,0.4835096858,1
0.5131644304,0.4868355696,0.09170265298,0.908297347,0.7095325222,0.2223737208,0.01575064561,0.02933490532,0.001206715816,0.02180149027,0.133732645,0.1316736017,0.1374385284,0.1264285168,0.1325712143,0.1353420927,0.1107201965,0.06082376533,0.01375030523,0.01751913396,0.02983308578,0.2135669362,0.1906489195,0.48,1,0.7692307692,0.498280947,0.4617286617,1
0.4916739877,0.5083260123,0.0248967449,0.9751032551,0.899013497,0.01545310455,0.05552248262,0.01190339557,0.0005677818145,0.01753973847,0.1397962493,0.1326535684,0.1627317027,0.1180199575,0.1191097553,0.1397715787,0.09187339038,0.05390494803,0.0170434657,0.02509538413,0.03417528843,0.4966981132,0.4780055947,0.33,0.5,1,0.5831568256,0.3869731089,1
0.4870180824,0.5129819176,0.03655323063,0.9634467694,0.8780306887,0.02953754206,0.05575709559,0.01522871655,0.0006420626829,0.02080389438,0.1481516438,0.1271908894,0.1673178131,0.1302111097,0.1055468633,0.1285946537,0.1003332611,0.05294026158,0.01501070769,0.02470279676,0.8005413958,0.4160826595,0.5353970059,0.38,0.5,1,0.6295562783,0.2722673946,1
0.5111401297,0.4888598703,0.03279370726,0.9672062927,0.8333838304,0.1252335636,0.002649406688,0.01853456499,0.000481733975,0.01971690036,0.1351964792,0.1362619826,0.1296249711,0.1202378842,0.1369504343,0.1456001236,0.1020816943,0.05677700488,0.01615010765,0.02111931813,1,0.1645103324,0.228581968,0.47,0.5,0.7222222222,0.4768844088,0.5066674766,0
0.5101034263,0.4898965737,0.0368844209,0.9631155791,0.823302929,0.1286643911,0.00279680666,0.02263624203,0.0005479559911,0.02205167524,0.1323349037,0.1302999032,0.1339453051,0.1217410735,0.124514277,0.1428158865,0.1151337287,0.06193341288,0.01524654595,0.02203496349,0.1590208926,0.2676999102,0.362239095,0.45,0.5,0.75,0.5168765068,0.4355807628,1
0.5048250583,0.4951749417,0.09377466407,0.9062253359,0.7545701157,0.07641565193,0.09089341523,0.01959824555,0.001604120322,0.05691845127,0.1505059593,0.1368441662,0.1436086618,0.1258449714,0.1263937632,0.1325409665,0.09719021739,0.05578884821,0.0141216129,0.01716083301,0.1942195099,0.1832659479,0.08130706096,0.35,1,0.8,0.6677231974,0.3322768026,1
0.5044834478,0.4955165522,0.1040388597,0.8959611403,0.744982618,0.07766586845,0.09296819273,0.02276460035,0.001881713671,0.05973700678,0.1486991557,0.1348457662,0.1424928443,0.1307239659,0.1169166493,0.1295411306,0.1044882011,0.06001931488,0.01421367686,0.01805929517,0.1398633501,0.1926999102,0.1719897944,0.35,1,1,0.6532286482,0.2893168028,1
0.5051078469,0.4948921531,0.1208691662,0.8791308338,0.8828600783,0.01993780203,0.01775325652,0.04082737379,0.004074458885,0.03454703043,0.1311962006,0.1266375655,0.1369468618,0.1326500148,0.1310979257,0.141193575,0.1099193779,0.05493115127,0.01455549532,0.02087183213,0.1545715624,0.1413746631,0.2223417663,0.47,0,0.2,0.4214987118,0.5423932665,0
0.5044895129,0.4955104871,0.1275995263,0.8724004737,0.8728488779,0.02134134406,0.01802314785,0.04602416561,0.004391831184,0.03737063339,0.1269634627,0.1200934609,0.1378499767,0.1379624621,0.1250945266,0.1315424631,0.1224149729,0.0637708788,0.01378276757,0.02052502858,0.02142789279,0.2982479784,0.3657741846,0.53,0,0.2,0.3909403518,0.50071852,0
0.5116626947,0.4883373053,0.06156189674,0.9384381033,0.8333382682,0.114995741,0.003330013562,0.03051222642,0.0006125065014,0.01721124432,0.1251522706,0.1318732619,0.1316641746,0.1164925518,0.138701642,0.1473133861,0.1047367281,0.0601329278,0.01858608753,0.02534696945,0.02624822799,0.2854896676,0.3211398358,0.47,0.5,0.6315789474,0.4668086603,0.520768577,0
0.5103916947,0.4896083053,0.07041907642,0.9295809236,0.8229146095,0.1183009866,0.003705264353,0.03477269793,0.0007161870081,0.01959025457,0.1229274912,0.1251989901,0.1336544024,0.1201943825,0.1245613516,0.1459859731,0.1183709905,0.06575225437,0.01699258722,0.02636157696,0.05440392453,0.4157681941,0.4480341828,0.49,0.5,0.7222222222,0.485778858,0.4785361616,1
0.5158308056,0.4841691944,0.1336603386,0.8663396614,0.8568135638,0.07451793987,0.009335168509,0.03293625299,0.001622681438,0.02477439336,0.1191841941,0.1376581087,0.1401633844,0.1174705456,0.1423570445,0.145614758,0.100063772,0.05351143561,0.0174485757,0.02652818138,0.06536517508,0.2914195867,0.3200024592,0.58,0,0,0.3524366157,0.6270095886,0
0.5139122042,0.4860877958,0.1500222376,0.8499777624,0.8440746277,0.08072118127,0.01031058077,0.0359794234,0.001818454612,0.0270957322,0.1144875037,0.131290906,0.1439451885,0.1212713918,0.1264243119,0.147021771,0.1132296128,0.06026214474,0.01532602649,0.02674114303,0.4807853348,0.3896451033,0.4783437337,0.55,0,0,0.388980575,0.5440660657,0
0.5140076407,0.4859923593,0.05177457532,0.9482254247,0.6829316777,0.2805366103,0.005362534973,0.01434886932,0.0008660759454,0.01595423177,0.137204227,0.1332132267,0.1370003445,0.1235014104,0.1352023555,0.1364759841,0.1102337556,0.05769301834,0.01336237527,0.01611330261,0.5931060011,0.05080862534,0.08109188159,0.44,1,0.8333333333,0.5456113126,0.4408803341,1
0.5145906549,0.4854093451,0.05530612541,0.9446938746,0.6838212852,0.2751501227,0.005423277844,0.01643087498,0.00096321779,0.01821122152,0.1324761901,0.1273158927,0.1373527958,0.1228885663,0.1248396531,0.1363752318,0.1207521909,0.06692757267,0.01406213108,0.01700977554,0.2694789957,0.1630952381,0.1889274846,0.44,1,0.8571428571,0.5493933269,0.4067341979,1
0.497256366,0.502743634,0.03254811257,0.9674518874,0.8601377742,0.01653362249,0.09062941369,0.01159013431,0.0006855932502,0.02042346208,0.1527679174,0.1368119373,0.1374409991,0.1182528077,0.123412799,0.1396240724,0.09622722244,0.05496172555,0.01666713275,0.02383338641,0.3329872613,0.2666442049,0.2800405767,0.42,0.5,1,0.5788931188,0.3986614076,1
0.4956882767,0.5043117233,0.03817167171,0.9618283283,0.8495785159,0.02039341611,0.09171228484,0.0146264731,0.0007342280382,0.02295508197,0.1534432042,0.1331589929,0.1356102922,0.1250882932,0.1085577066,0.1341673947,0.1130711179,0.05726165471,0.01540252426,0.02423881929,0.02910273725,0.3462713387,0.437398174,0.4,1,1,0.6153075038,0.3173742816,1
0.512433881,0.487566119,0.04805917292,0.9519408271,0.7920634425,0.1702808956,0.004287420542,0.01606854841,0.0008972695821,0.01640242339,0.1376247008,0.1322846812,0.1352662624,0.1282429305,0.1390965071,0.1374869192,0.1039641636,0.05585153745,0.01373157889,0.01645071879,0.03704610378,0.1345013477,0.09892102917,0.39,1,0.7777777778,0.5947871472,0.3907581499,1
0.5122028104,0.4877971896,0.05275766964,0.9472423304,0.7867492706,0.1712331119,0.004541519972,0.01797095,0.0009358393249,0.01856930811,0.1345065078,0.1270456924,0.1388843765,0.1268571975,0.1291515571,0.1370978976,0.1125395797,0.06250836682,0.01388438124,0.01752444335,0.01877217565,0.2317610063,0.2118594571,0.41,1,0.7777777778,0.6072203369,0.347163328,1
0.5038122859,0.4961877141,0.3824601686,0.6175398314,0.8056213206,0.1233555932,0.01001939311,0.04247570915,0.001284883608,0.01724310034,0.1624713484,0.1472607952,0.1473096622,0.138589686,0.1344604417,0.1225067065,0.08142422652,0.04243360892,0.01073252101,0.01281100355,0.02611260225,0.226819407,0.1747256463,0.44,1,0.71875,0.5716697747,0.4138335828,1
0.5032848267,0.4967151733,0.3911543536,0.6088456464,0.7937272967,0.1264298129,0.01005330611,0.04894594402,0.00139642324,0.01944721707,0.1577518006,0.1434611757,0.147844438,0.1407045052,0.128441444,0.1218589526,0.08911153249,0.04650418818,0.01067771074,0.01364425242,0.4496951313,0.2806603774,0.2954720113,0.49,1,0.6666666667,0.5223468558,0.4323525798,1
0.4973033688,0.5026966312,0.1319384939,0.8680615061,0.9178226207,0.01273393665,0.01502444084,0.02246101481,0.009640524543,0.02231746247,0.1947597064,0.1596685489,0.1615656916,0.1432004923,0.1101363079,0.1029463765,0.06923655842,0.03720538786,0.009677116315,0.01160381385,0.5036739175,0.06361185984,0.0926193477,0.28,1,0.6666666667,0.727905331,0.2474966583,1
0.4966477835,0.5033522165,0.1383393362,0.8616606638,0.9114217249,0.0136605249,0.0154367231,0.02464635862,0.01024473375,0.02458993472,0.183682998,0.1602495059,0.158146313,0.1459798667,0.1105496126,0.1004005685,0.07802799434,0.04146497251,0.009544219391,0.01195394918,0.1747619271,0.2036612758,0.2382957794,0.39,1,1,0.4554081659,0.2746126859,1
0.5068935776,0.4931064224,0.0162500599,0.9837499401,0.9531979981,0.01123907568,0.003723414047,0.01432217777,0.0003057489609,0.01721158548,0.1129694387,0.1377166956,0.1218033426,0.1114126803,0.1415569666,0.1617283941,0.1175372642,0.05778015049,0.01590694987,0.02158811773,0.2003671188,0.2705750225,0.4307583536,0.59,0,0,0.3097263524,0.665705503,0
0.5060554119,0.4939445881,0.01864165719,0.9813583428,0.9463671747,0.01293660125,0.003830686547,0.01771692528,0.0003711781008,0.01877743414,0.108438236,0.1300665911,0.1277479331,0.113416602,0.1230302755,0.1565359282,0.1337783721,0.06855707727,0.01561679637,0.0228121883,0.08379617433,0.3843665768,0.5769881037,0.6,0,0,0.297593824,0.5572274212,0
0.5087312525,0.4912687475,0.08367199832,0.9163280017,0.7108243204,0.1970504594,0.005222920973,0.05959438407,0.001060108125,0.02624780704,0.136664912,0.1317875147,0.1421928329,0.1321179492,0.1446422593,0.1377721857,0.09640201396,0.04967988169,0.01262959857,0.01611085212,0.09815885615,0.3656334232,0.3453321447,0.46,0,0.7272727273,0.472831029,0.511564568,0
0.5079912191,0.4920087809,0.09162643134,0.9083735687,0.7001703525,0.1981222536,0.005333280752,0.06589492118,0.001126846782,0.02935234517,0.1331469612,0.1274946475,0.1411340448,0.1340056487,0.1315397629,0.1391995331,0.1059454005,0.0573432526,0.01286163711,0.01732911161,0.07270014285,0.4601078167,0.474163106,0.51,0,0.7272727273,0.4442764701,0.4975135283,0
0.5014100215,0.4985899785,0.1166996131,0.8833003869,0.8143994708,0.03937090579,0.01877352417,0.07768135837,0.00673809963,0.04303664126,0.1385369052,0.1293085862,0.1434643358,0.1331639738,0.137572477,0.1395544505,0.09964147395,0.04819474263,0.01269099593,0.01787205902,0.08470220889,0.324146451,0.3252897236,0.51,0,0.4444444444,0.4129462143,0.561633983,0
0.4999822476,0.5000177524,0.124833528,0.875166472,0.7983837893,0.04160376815,0.01931725705,0.08719063172,0.007456316133,0.04604823763,0.1359222034,0.1220720505,0.1455584364,0.1396648567,0.1263498592,0.1337201658,0.1105056855,0.0560136703,0.01218904136,0.01800403091,0.09580850815,0.5052560647,0.4817558636,0.56,0,0.4,0.3683268019,0.5253868006,0
0.5061915953,0.4938084047,0.01337410441,0.9866258956,0.9399592321,0.03500070052,0.002274062914,0.007601805753,0.0002818283099,0.01488237042,0.1219309666,0.1222152245,0.1235331228,0.1224020302,0.134796537,0.1504039944,0.119900669,0.0666054239,0.01767041907,0.02054161246,0.1084918872,0.04061096137,0.1045771725,0.33,0,0.6666666667,0.6229584242,0.3553930416,1
0.5054054482,0.4945945518,0.01568358235,0.9843164177,0.9362418284,0.03570788262,0.002459648866,0.008438243407,0.0002819317085,0.01687046497,0.1206320088,0.1183483619,0.1254366178,0.1190802895,0.1268024811,0.1437517775,0.1327920245,0.07395041341,0.01704290864,0.02216311693,0.1329532607,0.08515274034,0.2009775291,0.29,0.5,1,0.6863057481,0.2647692802,1
0.503483416,0.496516584,0.06181162106,0.9381883789,0.8813681646,0.06555853642,0.01094473493,0.02495137411,0.0004731380681,0.01670405188,0.1359748865,0.136146881,0.1310545135,0.1211892343,0.1388923084,0.1460258286,0.09889829801,0.05415292996,0.01597839827,0.02168672144,0.1264080675,0.2184636119,0.2456118779,0.5,0.5,0.625,0.4593834671,0.5277616254,0
0.5027800163,0.4972199837,0.06668037504,0.933319625,0.8738239095,0.06671537953,0.01147527307,0.02877629642,0.0005384053046,0.01867073616,0.1311093311,0.1311354614,0.1313667274,0.1250998007,0.1229001694,0.1462436247,0.1144573978,0.06038178162,0.0149715219,0.02233418406,0.01557908943,0.3209793351,0.3780394086,0.51,0.5,0.625,0.4721818457,0.4645384137,1
0.5028209095,0.4971790905,0.3012295388,0.6987704612,0.8415316395,0.04561732513,0.05321881067,0.03171698082,0.002564723263,0.02535052065,0.1480070074,0.1393038258,0.1399966635,0.1277875775,0.1278044013,0.124020406,0.1018512801,0.05907489565,0.01479155085,0.01736239189,0.02005506392,0.4540880503,0.3106882666,0.28,1,1,0.6819358519,0.2763690612,1
0.4979340635,0.5020659365,0.2841563318,0.7158436682,0.7527075357,0.09651033318,0.01659773415,0.08418062707,0.007658061738,0.04234570821,0.1393845212,0.123341373,0.1401984521,0.1376970614,0.1319337636,0.1301605998,0.1097149421,0.06157708187,0.01212669568,0.0138655092,0.1986373869,0.4685534591,0.3922105069,0.27,1,1,0.6739841105,0.2162890088,1